-- phpMyAdmin SQL Dump
-- version 5.2.0
-- https://www.phpmyadmin.net/
--
-- Host: 127.0.0.1
-- Czas generowania: 11 Cze 2022, 09:42
-- Wersja serwera: 10.4.24-MariaDB
-- Wersja PHP: 8.1.6

SET SQL_MODE = "NO_AUTO_VALUE_ON_ZERO";
START TRANSACTION;
SET time_zone = "+00:00";


/*!40101 SET @OLD_CHARACTER_SET_CLIENT=@@CHARACTER_SET_CLIENT */;
/*!40101 SET @OLD_CHARACTER_SET_RESULTS=@@CHARACTER_SET_RESULTS */;
/*!40101 SET @OLD_COLLATION_CONNECTION=@@COLLATION_CONNECTION */;
/*!40101 SET NAMES utf8mb4 */;

--
-- Baza danych: `mydb`
--

-- --------------------------------------------------------

--
-- Struktura tabeli dla tabeli `address`
--

CREATE TABLE `address` (
  `AddressID` varchar(8) NOT NULL,
  `UserID` varchar(8) NOT NULL,
  `Address_Type` varchar(20) NOT NULL,
  `AddressLine1` varchar(45) DEFAULT NULL,
  `City` varchar(45) DEFAULT NULL,
  `Province` varchar(45) DEFAULT NULL,
  `Country` varchar(45) DEFAULT NULL,
  `PostalCode` varchar(7) DEFAULT NULL
) ENGINE=InnoDB DEFAULT CHARSET=utf8mb4;

--
-- Zrzut danych tabeli `address`
--

INSERT INTO `address` (`AddressID`, `UserID`, `Address_Type`, `AddressLine1`, `City`, `Province`, `Country`, `PostalCode`) VALUES
('AD123', 'US2348', 'WORK', '987 business avenue', 'Vancouver', 'British Columbia', 'Canada', 'G6H 7S9'),
('AD146', 'US2784', 'BILLING', '972 long road', 'Dawson Creek', 'Calgary', 'Canada', 'D7B S3H'),
('AD276', 'US2498', 'HOME', '11 rodeo blvd', 'Saskatoon', 'Saskatchewan', 'Canada', 'J7C 2X7'),
('AD432', 'US2123', 'BILLING', '129 shore street', 'Sherbrooke', 'Quebec', 'Canada', 'H3S B7S'),
('AD552', 'US2498', 'SHIPPING', '10873 butterfly street', 'Gotham', 'Saskatchewan', 'Canada', 'D7C 1D6'),
('AD7982', 'US2895', 'HOME', '876 apple drive', 'Montreal', 'Quebec', 'Canada', 'H7D 9S3'),
('AD873', 'US2435', 'SHIPPING', '397 hustle drive', 'Kahnawake', 'Quebec', 'Canada', 'F7B 2D8');

-- --------------------------------------------------------

--
-- Struktura tabeli dla tabeli `buyers`
--

CREATE TABLE `buyers` (
  `BuyerID` varchar(8) NOT NULL,
  `UserID` varchar(8) NOT NULL,
  `USER_TYPE` varchar(1) NOT NULL,
  `MembershipID` varchar(8) DEFAULT NULL,
  `FName` varchar(45) NOT NULL,
  `LName` varchar(100) DEFAULT NULL,
  `Phone` varchar(15) NOT NULL DEFAULT 'xxx-xxx-xxxx',
  `Email` varchar(45) NOT NULL
) ;

--
-- Zrzut danych tabeli `buyers`
--

INSERT INTO `buyers` (`BuyerID`, `UserID`, `USER_TYPE`, `MembershipID`, `FName`, `LName`, `Phone`, `Email`) VALUES
('B3656', 'US2098', 'B', NULL, 'Sean', 'Romero', '519-556-9422', 'sean.rom@other.com'),
('B3465', 'US2123', 'B', 'M1458', 'Georges', 'Bienvenu', '555-098-7638', 'gbienvenu@email.com'),
('B3680', 'US2213', 'B', 'M1178', 'Ginette', 'Beauregard', '514-098-8334', 'beauregard.ginette@other.com'),
('B3326', 'US2348', 'B', 'M1318', 'Nancy', 'Book', '555-868-8379', 'booknancy@other.com'),
('B3342', 'US2435', 'B', NULL, 'Daniel', 'Dam', '074-515-5458', 'ddam@email.com'),
('B3432', 'US2456', 'B', 'M1968', 'Elise', 'Fort', '919-887-0965', 'elise.f@email.com'),
('B3442', 'US2498', 'B', NULL, 'Yung', 'Xi', '250-753-0094', 'xi.yung@email.com'),
('B3765', 'US2654', 'B', 'M1867', 'Taylor', 'Swing', '012-3370697', 'swing@email.com'),
('B3998', 'US2784', 'B', 'M1957', 'Red', 'Forman', '972-670-3345', 'redismad@email.com'),
('B3568', 'US2874', 'B', 'M1568', 'Jack', 'Smith', '676-876-0094', 'js@email.com'),
('B3235', 'US2895', 'B', 'M1642', 'Sarah', 'Mansour', '037-146-2742', 'sarahsarah@other.com');

-- --------------------------------------------------------

--
-- Struktura tabeli dla tabeli `department`
--

CREATE TABLE `department` (
  `DepartmentID` varchar(8) NOT NULL,
  `DepName` varchar(45) NOT NULL,
  `ContactFName` text NOT NULL
) ENGINE=InnoDB DEFAULT CHARSET=utf8mb4;

--
-- Zrzut danych tabeli `department`
--

INSERT INTO `department` (`DepartmentID`, `DepName`, `ContactFName`) VALUES
('D1145', 'Fashion', 'Corinne Levis'),
('D1173', 'Home', 'Sarah Lola'),
('D1178', 'Electronics', 'John Doe'),
('D1183', 'Beauty', 'France Dupuis'),
('D1567', 'Books', 'Michael Grant');

-- --------------------------------------------------------

--
-- Struktura tabeli dla tabeli `discount`
--

CREATE TABLE `discount` (
  `DiscountID` varchar(8) NOT NULL,
  `DiscountPrecent` decimal(5,2) NOT NULL
) ENGINE=InnoDB DEFAULT CHARSET=utf8mb4;

--
-- Zrzut danych tabeli `discount`
--

INSERT INTO `discount` (`DiscountID`, `DiscountPrecent`) VALUES
('DSCT10', '0.10'),
('DSCT25', '0.25'),
('DSCT50', '0.50');

-- --------------------------------------------------------

--
-- Struktura tabeli dla tabeli `membership`
--

CREATE TABLE `membership` (
  `MembershipID` varchar(8) NOT NULL,
  `MembershipType` varchar(45) NOT NULL
) ENGINE=InnoDB DEFAULT CHARSET=utf8mb4;

--
-- Zrzut danych tabeli `membership`
--

INSERT INTO `membership` (`MembershipID`, `MembershipType`) VALUES
('M1178', 'PREMIUM'),
('M1298', 'PREMIUM'),
('M1318', 'STUDENT'),
('M1322', 'STUDENT'),
('M1458', 'STUDENT'),
('M1499', 'PREMIUM'),
('M1568', 'BUSINESS'),
('M1642', 'PREMIUM'),
('M1867', 'STUDENT'),
('M1884', 'PREMIUM'),
('M1957', 'OLD AGE'),
('M1968', 'STUDENT');

-- --------------------------------------------------------

--
-- Struktura tabeli dla tabeli `offer`
--

CREATE TABLE `offer` (
  `OfferID` varchar(8) NOT NULL,
  `ProductID` varchar(8) DEFAULT NULL,
  `DiscountID` varchar(8) DEFAULT NULL
) ENGINE=InnoDB DEFAULT CHARSET=utf8mb4;

--
-- Zrzut danych tabeli `offer`
--

INSERT INTO `offer` (`OfferID`, `ProductID`, `DiscountID`) VALUES
('O101', 'PR8796', 'DSCT10'),
('O102', 'PR8765', 'DSCT25'),
('O103', 'PR8786', 'DSCT50');

-- --------------------------------------------------------

--
-- Struktura tabeli dla tabeli `orders`
--

CREATE TABLE `orders` (
  `OrderID` varchar(8) NOT NULL,
  `UserID` varchar(8) NOT NULL,
  `ShipperID` varchar(8) NOT NULL,
  `OrderDate` date NOT NULL,
  `RequiredDate` date NOT NULL,
  `Freight` decimal(10,0) NOT NULL,
  `SalesTax` decimal(10,0) NOT NULL,
  `TimeStamp` timestamp NOT NULL DEFAULT current_timestamp() ON UPDATE current_timestamp(),
  `TransactStatus` varchar(25) NOT NULL,
  `InvoiceAmount` int(11) NOT NULL,
  `PaymentDate` date NOT NULL,
  `ItemQuantity` int(11) DEFAULT NULL
) ENGINE=InnoDB DEFAULT CHARSET=utf8mb4;

--
-- Zrzut danych tabeli `orders`
--

INSERT INTO `orders` (`OrderID`, `UserID`, `ShipperID`, `OrderDate`, `RequiredDate`, `Freight`, `SalesTax`, `TimeStamp`, `TransactStatus`, `InvoiceAmount`, `PaymentDate`, `ItemQuantity`) VALUES
('OR6018', 'US2654', 'SH17648', '2017-06-27', '2017-07-05', '13', '6', '2017-02-26 15:30:36', 'complete', 59, '2017-06-27', 2),
('OR6091', 'US2435', 'SH17626', '2017-06-26', '2017-07-05', '4', '5', '2017-02-27 15:30:35', 'complete', 90, '2017-06-26', 3),
('OR6182', 'US2124', 'SH17648', '2017-02-22', '2017-03-06', '25', '25', '2017-02-26 15:30:33', 'complete', 326, '2017-02-27', 4),
('OR6534', 'US2123', 'SH17648', '2017-02-22', '2017-03-04', '0', '4', '2017-02-26 15:30:31', 'complete', 36, '2017-02-27', 2),
('OR6676', 'US2498', 'SH17526', '2017-02-24', '2017-03-05', '25', '25', '2017-02-26 15:30:32', 'complete', 235, '2017-02-27', 1),
('OR6906', 'US2098', 'SH17648', '2017-06-28', '2017-07-05', '21', '11', '2017-02-27 15:30:37', 'complete', 124, '2017-06-28', 6),
('OR6986', 'US2895', 'SH17526', '2017-06-25', '2017-07-05', '99', '6', '2017-02-27 15:30:34', 'complete', 746, '2017-06-27', 1);

-- --------------------------------------------------------

--
-- Struktura tabeli dla tabeli `orders_has_product`
--

CREATE TABLE `orders_has_product` (
  `OrderProductID` varchar(8) NOT NULL,
  `Orders_OrderID` varchar(8) NOT NULL,
  `Product_ProductID` varchar(8) NOT NULL
) ENGINE=InnoDB DEFAULT CHARSET=utf8mb4;

--
-- Zrzut danych tabeli `orders_has_product`
--

INSERT INTO `orders_has_product` (`OrderProductID`, `Orders_OrderID`, `Product_ProductID`) VALUES
('OP1234', 'OR6091', 'PR4298'),
('OP2394', 'OR6534', 'PR4394'),
('OP2589', 'OR6182', 'PR4192'),
('OP6723', 'OR6534', 'PR4789'),
('OP9999', 'OR6018', 'PR4689');

-- --------------------------------------------------------

--
-- Struktura tabeli dla tabeli `payment`
--

CREATE TABLE `payment` (
  `PaymentID` varchar(8) NOT NULL,
  `OrderID` varchar(8) NOT NULL,
  `Payment_Type` varchar(1) NOT NULL
) ENGINE=InnoDB DEFAULT CHARSET=utf8mb4;

--
-- Zrzut danych tabeli `payment`
--

INSERT INTO `payment` (`PaymentID`, `OrderID`, `Payment_Type`) VALUES
('P7332', 'OR6906', 'C'),
('P7565', 'OR6986', 'C'),
('P7768', 'OR6676', 'C'),
('P7836', 'OR6534', 'G'),
('P7853', 'OR6018', 'C'),
('P7864', 'OR6182', 'A'),
('P7865', 'OR6091', 'C');

-- --------------------------------------------------------

--
-- Struktura tabeli dla tabeli `payment_creditcard`
--

CREATE TABLE `payment_creditcard` (
  `CreditCardID` varchar(8) NOT NULL,
  `PaymentID` varchar(8) NOT NULL,
  `CreditCardNum` varchar(20) NOT NULL,
  `CardExpM` int(11) NOT NULL,
  `CardExpY` int(11) NOT NULL,
  `CardSecurityNumber` varchar(45) NOT NULL,
  `CardAddress` varchar(45) NOT NULL,
  `CardCity` varchar(45) NOT NULL,
  `CardPostalCode` varchar(45) NOT NULL
) ENGINE=InnoDB DEFAULT CHARSET=utf8mb4;

--
-- Zrzut danych tabeli `payment_creditcard`
--

INSERT INTO `payment_creditcard` (`CreditCardID`, `PaymentID`, `CreditCardNum`, `CardExpM`, `CardExpY`, `CardSecurityNumber`, `CardAddress`, `CardCity`, `CardPostalCode`) VALUES
('CC4586', 'P7565', '4510655885838439', 9, 2019, '238', '123 TREE STREET', 'SPRINGFIELD', 'S7F 2V8'),
('CC4791', 'P7768', '4510934832848328', 10, 2018, '345', '876 RUE BEAUBIEN', 'MONTREAL', 'H7F 6V2'),
('CC4897', 'P7853', '5590649276962332', 3, 2020, '456', '387 PAPINEAU DRIVE', 'VANCOUVER', 'D8V 0D2'),
('CC5434', 'P7865', '5590778844927402', 3, 2022, '866', '143 OAKLAND ROAD', 'QUEBEC', 'F7B 3V9'),
('CC5967', 'P7332', '8930384039459342', 6, 2018, '285', '5119 ARCHER BLVD', 'MEMPHIS', 'G9V 2B7');

-- --------------------------------------------------------

--
-- Struktura tabeli dla tabeli `payment_giftcard`
--

CREATE TABLE `payment_giftcard` (
  `GiftcardID` varchar(8) NOT NULL,
  `PaymentID` varchar(8) NOT NULL,
  `GiftCardNumber` char(16) NOT NULL,
  `GiftcardExpMM` char(2) NOT NULL,
  `GiftcardExpYYYY` varchar(4) NOT NULL
) ENGINE=InnoDB DEFAULT CHARSET=utf8mb4;

--
-- Zrzut danych tabeli `payment_giftcard`
--

INSERT INTO `payment_giftcard` (`GiftcardID`, `PaymentID`, `GiftCardNumber`, `GiftcardExpMM`, `GiftcardExpYYYY`) VALUES
('G764', 'P7836', '4556 8598 9698', '12', '2020');

-- --------------------------------------------------------

--
-- Struktura tabeli dla tabeli `product`
--

CREATE TABLE `product` (
  `ProductID` varchar(8) NOT NULL,
  `DepartmentID` varchar(8) NOT NULL,
  `Category` varchar(45) NOT NULL,
  `IDSKU` varchar(8) NOT NULL,
  `ProductName` varchar(45) NOT NULL,
  `Quantity` int(11) NOT NULL,
  `UnitPrice` decimal(10,0) NOT NULL,
  `Ranking` int(11) DEFAULT NULL,
  `ProductDesc` text DEFAULT NULL,
  `UnitsInStock` int(11) DEFAULT NULL,
  `UnitsInOrder` int(11) DEFAULT NULL,
  `Picture` blob DEFAULT NULL,
  `UnitPriceUSD` decimal(14,4) DEFAULT NULL,
  `UnitPriceEuro` decimal(14,4) DEFAULT NULL
) ENGINE=InnoDB DEFAULT CHARSET=utf8mb4;

--
-- Zrzut danych tabeli `product`
--

INSERT INTO `product` (`ProductID`, `DepartmentID`, `Category`, `IDSKU`, `ProductName`, `Quantity`, `UnitPrice`, `Ranking`, `ProductDesc`, `UnitsInStock`, `UnitsInOrder`, `Picture`, `UnitPriceUSD`, `UnitPriceEuro`) VALUES
('PR4192', 'D1183', 'Makeup', 'SKU9763', 'Maybelline New York Super Stay', 1, '10', 88, 'Matte ink lip color', 438, 300, 0x6d617962656c6c696e656e796c69702e6a7067, '43.3630', '46.0300'),
('PR4298', 'D1183', 'Beauty appliances', 'SKU76G2', 'T3 Featherweight', 1, '247', 5, 'Hair dryer with 2 speed settings, 3 heat settings and a 2-year warranty', 87, 20, 0x543368616972647279657277686974652e706e67, '1071.0661', '1136.9410'),
('PR4394', 'D1145', 'Sneakers', 'SKU8723', 'Under Armour Micro G running shoes', 1, '67', 12, 'Black running shoes with rubber sole & breathable mesh', 566, 66, 0x756e64657261726d6f7572626c61636b2e6a7067, '290.5321', '308.4010'),
('PR4467', 'D1178', 'Adaptor', 'SKUGNXW', 'Poweradd power converter', 1, '30', 701, '2-outlet universal travel adapter', 5000, 20, 0x706f776572616464636f6e7665727465722e706e67, '130.0890', '138.0900'),
('PR4689', 'D1145', 'Jewelery', 'SKU7263', '10k Rose Gold plated white Gold Diamond ring', 1, '538', 83766, '0.75cttw, I-J Color, I2-I3 Clarity', 30, 4, 0x6469616d6f6e6472696e672e706e67, '2332.9294', '2476.4140'),
('PR4769', 'D1178', 'Tablet', 'SKU6789', 'Kindle Paperwhite', 1, '140', 767, 'Tablet with 6\" high-resolution display with builtin light', 3987, 200, 0x6b696e646c652e6a7067, '607.0820', '644.4200'),
('PR4789', 'D1178', 'Laptop', 'SKUB00V', 'ASUS Chromebook C201', 1, '270', 18, '11.6 inch latop, navy blue', 4534, 445, 0x617375736368726f6d65626f6f6b2e706e67, '1170.8010', '1242.8100');

-- --------------------------------------------------------

--
-- Struktura tabeli dla tabeli `reviews`
--

CREATE TABLE `reviews` (
  `ReviewID` varchar(8) NOT NULL,
  `ProductID` varchar(8) NOT NULL,
  `CustomerReview` varchar(45) DEFAULT NULL,
  `Rating` tinyint(1) NOT NULL
) ENGINE=InnoDB DEFAULT CHARSET=utf8mb4;

--
-- Zrzut danych tabeli `reviews`
--

INSERT INTO `reviews` (`ReviewID`, `ProductID`, `CustomerReview`, `Rating`) VALUES
('R419', 'PR4192', 'Great opacity. Very matte.', 4),
('R429', 'PR4467', 'hated it. went to get reimursed', 2),
('R439', 'PR4394', 'Glad this shoe fit as well as it does.', 4),
('R468', 'PR4689', 'I love the engagement ring!', 5),
('R517', 'PR4769', 'Great product.', 3);

-- --------------------------------------------------------

--
-- Struktura tabeli dla tabeli `sellers`
--

CREATE TABLE `sellers` (
  `SellerID` varchar(8) NOT NULL,
  `UserID` varchar(8) NOT NULL,
  `USER_TYPE` varchar(1) NOT NULL,
  `CompanyName` varchar(45) NOT NULL,
  `ContactFName` varchar(45) NOT NULL,
  `ContactLName` varchar(45) NOT NULL,
  `ContactPosition` varchar(45) NOT NULL,
  `Phone` varchar(15) NOT NULL DEFAULT 'xxx-xxx-xxxx',
  `Email` varchar(45) NOT NULL,
  `Logo` blob DEFAULT NULL
) ;

--
-- Zrzut danych tabeli `sellers`
--

INSERT INTO `sellers` (`SellerID`, `UserID`, `USER_TYPE`, `CompanyName`, `ContactFName`, `ContactLName`, `ContactPosition`, `Phone`, `Email`, `Logo`) VALUES
('S2193', 'U2738', 'B', 'Sell Your Junk Inc', 'Suzy', 'Gold', 'Owner of Company', '555-232-2381', 'suzy.gold@selljunk.com', NULL),
('S6283', 'U2837', 'B', 'The Fun Shop', 'Frank', 'DiMaggio', 'Representative', '555-827-2832', 'f.dimaggio@funshop.com', NULL),
('S6381', 'U2883', 'B', 'Shop Til You Drop', 'Charlie', 'Sweet', 'Representative', '555-347-2381', 'sweet.charles@shop.com', NULL);

-- --------------------------------------------------------

--
-- Struktura tabeli dla tabeli `shipper`
--

CREATE TABLE `shipper` (
  `ShipperID` varchar(8) NOT NULL,
  `ShipperName` varchar(45) DEFAULT NULL,
  `ContactName` varchar(45) DEFAULT NULL,
  `Phone` varchar(15) DEFAULT NULL
) ENGINE=InnoDB DEFAULT CHARSET=utf8mb4;

--
-- Zrzut danych tabeli `shipper`
--

INSERT INTO `shipper` (`ShipperID`, `ShipperName`, `ContactName`, `Phone`) VALUES
('SH1752', 'Frank shipments Inc.', 'Rosie Chianti', '332-431-3452'),
('SH1762', 'Worldwide Delivery Service', 'Paola Ricardo', '242-241-2423'),
('SH1764', 'Ship for Cheap', 'Ronald McDime', '555-634-2342');

-- --------------------------------------------------------

--
-- Struktura tabeli dla tabeli `shopping cart`
--

CREATE TABLE `shopping cart` (
  `ShoppingCartID` varchar(8) NOT NULL,
  `ProductID` varchar(8) NOT NULL,
  `OrderStatus` varchar(45) DEFAULT NULL
) ENGINE=InnoDB DEFAULT CHARSET=utf8mb4;

--
-- Zrzut danych tabeli `shopping cart`
--

INSERT INTO `shopping cart` (`ShoppingCartID`, `ProductID`, `OrderStatus`) VALUES
('SC7099', 'PR7786', 'CONFIRMED'),
('SC7100', 'PR4769', 'SAVED'),
('SC7656', 'PR7786', 'PENDING'),
('SC7680', 'PR4769', 'PENDING'),
('SC7786', 'PR7680', 'CONFIRMED');

-- --------------------------------------------------------

--
-- Struktura tabeli dla tabeli `users`
--

CREATE TABLE `users` (
  `UserID` varchar(8) NOT NULL,
  `UserFName` varchar(45) NOT NULL,
  `UserLName` varchar(45) NOT NULL,
  `USER_TYPE` varchar(1) NOT NULL,
  `Password` varchar(45) NOT NULL,
  `DateCreated` date NOT NULL
) ENGINE=InnoDB DEFAULT CHARSET=utf8mb4;

--
-- Zrzut danych tabeli `users`
--

INSERT INTO `users` (`UserID`, `UserFName`, `UserLName`, `USER_TYPE`, `Password`, `DateCreated`) VALUES
('US2098', 'Sean', 'Romero', 'B', 'OUVO8V', '2003-02-16'),
('US2123', 'Georges', 'Bienvenu', 'B', 'LKGCKF', '2016-03-21'),
('US2124', 'Georges', 'Bienvenu', 'B', 'YVUOT7D', '2009-11-28'),
('US2193', 'Sell', 'Junk', 'S', 'pyg8p7', '2013-02-18'),
('US2213', 'Ginette', 'Beauregard', 'B', 'KGHCY', '2012-03-02'),
('US2348', 'Nancy', 'Book', 'B', 'LHSBDJ', '2000-12-12'),
('US2435', 'Daniel', 'Dam', 'B', '8IVYIGV', '2016-12-13'),
('US2456', 'Elise', 'Fort', 'B', 'QOWUDHC', '2004-02-24'),
('US2498', 'Yung', 'Xi', 'B', 'Y8VP8VY', '2010-10-10'),
('US2654', 'Taylor', 'Swing', 'B', '8YVIKV', '2017-01-26'),
('US2784', 'Red', 'Forman', 'B', '97VIYGV', '2003-12-30'),
('US2874', 'Jack', 'Smith', 'B', 'LKEHDJK', '2011-08-02'),
('US2895', 'Sarah', 'Mansour', 'B', 'P8YVUUG', '2017-07-02'),
('US6283', 'Fun', 'Shop', 'S', 'LWIEYFG', '2003-03-24'),
('US6381', 'Shop', 'Drop', 'S', 'P8EUBW', '2015-09-15');

-- --------------------------------------------------------

--
-- Struktura tabeli dla tabeli `wishlist`
--

CREATE TABLE `wishlist` (
  `WishlistID` varchar(8) NOT NULL,
  `ProductID` varchar(8) NOT NULL
) ENGINE=InnoDB DEFAULT CHARSET=utf8mb4;

--
-- Zrzut danych tabeli `wishlist`
--

INSERT INTO `wishlist` (`WishlistID`, `ProductID`) VALUES
('W832', 'PR4467'),
('W602', 'PR4769'),
('W652', 'PR4789');

--
-- Indeksy dla zrzutów tabel
--

--
-- Indeksy dla tabeli `address`
--
ALTER TABLE `address`
  ADD PRIMARY KEY (`AddressID`);

--
-- Indeksy dla tabeli `buyers`
--
ALTER TABLE `buyers`
  ADD PRIMARY KEY (`UserID`,`USER_TYPE`);

--
-- Indeksy dla tabeli `department`
--
ALTER TABLE `department`
  ADD PRIMARY KEY (`DepartmentID`);

--
-- Indeksy dla tabeli `discount`
--
ALTER TABLE `discount`
  ADD PRIMARY KEY (`DiscountID`);

--
-- Indeksy dla tabeli `membership`
--
ALTER TABLE `membership`
  ADD PRIMARY KEY (`MembershipID`);

--
-- Indeksy dla tabeli `offer`
--
ALTER TABLE `offer`
  ADD PRIMARY KEY (`OfferID`),
  ADD KEY `fk_Product_has_Discount_Discount1_idx` (`DiscountID`),
  ADD KEY `fk_Product_has_Discount_Product1_idx` (`ProductID`);

--
-- Indeksy dla tabeli `orders`
--
ALTER TABLE `orders`
  ADD PRIMARY KEY (`OrderID`),
  ADD KEY `UserID_idx` (`UserID`),
  ADD KEY `ShipperID_idx` (`ShipperID`);

--
-- Indeksy dla tabeli `orders_has_product`
--
ALTER TABLE `orders_has_product`
  ADD PRIMARY KEY (`OrderProductID`),
  ADD KEY `fk_Orders_has_Product_Product1_idx` (`Product_ProductID`),
  ADD KEY `fk_Orders_has_Product_Orders1_idx` (`Orders_OrderID`);

--
-- Indeksy dla tabeli `payment`
--
ALTER TABLE `payment`
  ADD PRIMARY KEY (`PaymentID`),
  ADD KEY `OrderID_idx` (`OrderID`);

--
-- Indeksy dla tabeli `payment_creditcard`
--
ALTER TABLE `payment_creditcard`
  ADD PRIMARY KEY (`CreditCardID`),
  ADD KEY `PaymentID_idx` (`PaymentID`);

--
-- Indeksy dla tabeli `payment_giftcard`
--
ALTER TABLE `payment_giftcard`
  ADD PRIMARY KEY (`GiftcardID`),
  ADD KEY `PaymentID_idx` (`PaymentID`);

--
-- Indeksy dla tabeli `product`
--
ALTER TABLE `product`
  ADD PRIMARY KEY (`ProductID`);

--
-- Indeksy dla tabeli `reviews`
--
ALTER TABLE `reviews`
  ADD PRIMARY KEY (`ReviewID`);

--
-- Indeksy dla tabeli `sellers`
--
ALTER TABLE `sellers`
  ADD PRIMARY KEY (`UserID`,`USER_TYPE`),
  ADD KEY `UserID_idx` (`UserID`);

--
-- Indeksy dla tabeli `shipper`
--
ALTER TABLE `shipper`
  ADD PRIMARY KEY (`ShipperID`),
  ADD UNIQUE KEY `ShipperID_UNIQUE` (`ShipperID`);

--
-- Indeksy dla tabeli `shopping cart`
--
ALTER TABLE `shopping cart`
  ADD PRIMARY KEY (`ShoppingCartID`),
  ADD KEY `ProductID_idx` (`ProductID`);

--
-- Indeksy dla tabeli `users`
--
ALTER TABLE `users`
  ADD PRIMARY KEY (`UserID`);

--
-- Indeksy dla tabeli `wishlist`
--
ALTER TABLE `wishlist`
  ADD PRIMARY KEY (`WishlistID`),
  ADD KEY `ProductID_idx` (`ProductID`);
COMMIT;

/*!40101 SET CHARACTER_SET_CLIENT=@OLD_CHARACTER_SET_CLIENT */;
/*!40101 SET CHARACTER_SET_RESULTS=@OLD_CHARACTER_SET_RESULTS */;
/*!40101 SET COLLATION_CONNECTION=@OLD_COLLATION_CONNECTION */;
